{ "data" : {"Hotel and Motel Services": {"User Average": 644.0928630868466, "Community Average": 537.21, "User Target": 519.5908011159624, "Community Target": 537.21}, "Airlines and Air Carriers": {"User Average": 500.0838060809476, "Community Average": 536.74, "User Target": 620.572120988071, "Community Target": 536.74}, "Car Rental Services": {"User Average": 716.8826536802537, "Community Average": 609.16, "User Target": 659.3456698848961, "Community Target": 609.16}, "Retail Stores (Various)": {"User Average": 627.7129804947409, "Community Average": 592.04, "User Target": 473.85289896330056, "Community Target": 592.04}, "Utilities and Telecommunications": {"User Average": 537.0373030036833, "Community Average": 626.04, "User Target": 723.7241161582236, "Community Target": 626.04}, "Public and Government Services": {"User Average": 801.2964376076187, "Community Average": 778.02, "User Target": 913.0033041193205, "Community Target": 778.02}, "Educational Services": {"User Average": 1081.144426956001, "Community Average": 997.91, "User Target": 1122.6623709244445, "Community Target": 997.91}, "Medical and Health Services": {"User Average": 705.1101339707714, "Community Average": 707.65, "User Target": 593.3747266679354, "Community Target": 707.65}, "Repair Services": {"User Average": 582.0395396679176, "Community Average": 605.76, "User Target": 586.9204667560617, "Community Target": 605.76}, "Home and Construction Services": {"User Average": 460.1719883046543, "Community Average": 552.27, "User Target": 602.6037848336973, "Community Target": 552.27}, "Personal Services": {"User Average": 497.64453723092737, "Community Average": 469.87, "User Target": 560.1339658742932, "Community Target": 469.87}, "Business Services": {"User Average": 836.3568726784131, "Community Average": 707.74, "User Target": 626.3507346017543, "Community Target": 707.74}, "Catering and Food Services": {"User Average": 433.04264169021184, "Community Average": 485.87, "User Target": 457.56315396757554, "Community Target": 485.87}, "Gambling and Betting": {"User Average": 661.4164502479842, "Community Average": 792.93, "User Target": 919.4500547300436, "Community Target": 792.93}, "Cultural and Recreational Services": {"User Average": 714.3433166337327, "Community Average": 626.32, "User Target": 543.5992133658685, "Community Target": 626.32}}}